gender category,mean,sd,count,conf.low,conf.high
female,6.651059,0.2433780030556816,1000,6.635974275088028,6.666143724911972
male,5.622066,0.5656032095335338,1000,5.587009549877062,5.657122450122938
