estimate,estimate1,estimate2,statistic,p.value,parameter,conf.low,conf.high,method,alternative
1.0289929999999998,6.651059,5.622066,52.846071425345855,0,1356.6803208086585,0.9907954570814486,1.0671905429185513,Welch Two Sample t-test,two.sided
