gender category,mean,sd,count,conf.low,conf.high
female,6.649393939393939,0.79756465979155,165,6.527696903266479,6.7710909755214
male,5.588219178082192,1.9165343015640333,73,5.148564966422445,6.02787338974194
