category,mean,sd,count,conf.low,conf.high
GenreTropes,5.332048309178744,0.9903955882684682,1169,5.275273260809802,5.388823357547687
MediaTropes,5.681742354031511,0.9208080687199072,1233,5.630344658278026,5.733140049784995
NarrativeTropes,5.4443176376695925,0.9181472443374814,1409,5.3963759950767365,5.492259280262449
TopicalTropes,5.381014109347443,1.0404844021269397,7628,5.357664140619121,5.404364078075764
