term,df,sumsq,meansq,statistic,p.value
category,3,92.82468455175614,30.941561517252044,30.39839706777367,1.479808282245425e-19
Residuals,10167,10348.665926184674,1.017868193782303,NA,NA
