term,contrast,null.value,estimate,conf.low,conf.high,adj.p.value
category,MediaTropes-GenreTropes,0,0.34969404485280364,0.23690714499229198,0.4624809447133153,0
category,NarrativeTropes-GenreTropes,0,0.11226932849085625,0.003384000186607977,0.22115465679510452,0.04030821919263894
category,TopicalTropes-GenreTropes,0,0.0489658001687161,-0.03752403513401033,0.13545563547144251,0.4652117805220479
category,NarrativeTropes-MediaTropes,0,-0.2374247163619474,-0.3450873701189419,-0.12976206260495288,8.943661922167223e-8
category,TopicalTropes-MediaTropes,0,-0.30072824468408754,-0.3856736618928299,-0.2157828274753452,0
category,TopicalTropes-NarrativeTropes,0,-0.06330352832214015,-0.1429957728917728,0.01638871624749251,0.17305040153972717
