category,mean,std,count
GenreTropes,5.332048309178745,0.9903955882684672,1035
MediaTropes,5.681742354031511,0.9208080687199088,1079
NarrativeTropes,5.444317637669596,0.9181472443374814,1253
TopicalTropes,5.381014109347471,1.0404844021269402,6804
